fid,Project Na,ProjectID,Registry N,Methodolog,Project Ty,Country,Project De,Project St,Project En,Date of En,Processing,PD Decline,Geometry T,Project Ar,Project Ac,Project Re
1,Unitan Afforestation and Reforestation of Grazing Lands Project,VCS2610,Verra,AR-ACM0003,ARR,Argentina,Unitan S.A.I.C.A,09/16/2016,09/15/2056,05/01/2024,Official,N/A,Polygon,"MULTIPOLYGON Z (((-59.32754 -26.115166 0, -59.299063 -26.10671 0, -59.299445 -26.107409 0, -59.30003 -26.108636 0, -59.327779 -26.137943 0, -59.32754 -26.115166 0)), ((-59.404586 -25.933281 0, -59.40537 -25.933331 0, -59.40821 -25.93336 0, -59.408214 -25","MULTIPOLYGON Z (((-59.175335 -27.40562 0, -59.175644 -27.405775 0, -59.176034 -27.40533 0, -59.176354 -27.405567 0, -59.176473 -27.405541 0, -59.176628 -27.40565 0, -59.176621 -27.405797 0, -59.17724 -27.406349 0, -59.177454 -27.405769 0, -59.17621 -27.4",
3,Conversion to Protection of the Amazon Rain Forest,VCS1000,Verra,VM0010,IFM,Bolivia,Redd Services Pte Ltd,04/01/2008,03/31/2038,10/27/2023,Georeferenced,Yes,Polygon,"MULTIPOLYGON (((-66.940262 -11.022955, -66.924987 -11.022993, -66.898526 -11.022955, -66.880527 -11.02284, -66.881602 -11.029901, -66.884518 -11.049186, -66.886399 -11.062254, -66.879606 -11.063942, -66.870606 -11.065938, -66.877322 -11.069353, -66.88787",,
4,Protection of the Amazon Rain Forest 2,VCS999,Verra,VM0007,AD,Bolivia,Palma Efuus SRL,08/01/2012,07/31/2042,10/27/2023,Georeferenced,Yes,Polygon,"MULTIPOLYGON (((-67.066403 -11.021207, -67.033392 -11.011317, -66.967756 -10.991857, -66.910019 -10.97471, -66.871999 -10.984729, -66.875596 -11.022106, -66.901542 -11.025189, -66.930314 -11.0284, -67.054136 -11.042979, -67.074945 -11.045548, -67.095175","MULTIPOLYGON (((-66.932277 -10.986832, -66.910747 -10.979701, -66.890429 -10.980104, -66.87482 -10.986294, -66.877242 -11.005132, -66.880471 -11.004863, -66.882624 -11.002845, -66.883163 -11.000557, -66.888007 -10.99975, -66.888276 -11.005536, -66.889621",
5,Protection of the Bolivian Amazon Forest,VCS818,Verra,VM0007,AD,Bolivia,Fermin Aldabe,10/20/2011,10/19/2041,10/27/2023,Official,N/A,Polygon,"MULTIPOLYGON Z (((-66.271115 -12.144905 0, -66.268939 -12.155252 0, -66.273512 -12.154827 0, -66.27649 -12.151925 0, -66.277364 -12.151915 0, -66.278953 -12.150785 0, -66.279039 -12.148885 0, -66.280238 -12.148656 0, -66.283694 -12.148328 0, -66.285219 -",,
6,REDD Project - Territorio Indigena Originario Campesino,VCS3506,Verra,VM0015,AD,Bolivia,GreenAir Limited,01/01/2018,12/31/2047,10/19/2023,Official,N/A,Polygon,"MULTIPOLYGON Z (((-62.416603 -18.998445 0, -62.273186 -19.192055 0, -62.260567 -19.552919 0, -62.3607 -19.555779 0, -62.359133 -19.593744 0, -62.344372 -19.591555 0, -62.345059 -20.00946 0, -62.429833 -20.00816 0, -62.428084 -20.250705 0, -62.028202 -20.",,
7,ABC Norte REDD Project,VCS2558,Verra,VM0015,AD,Brazil,ABC Agropecuária Brasil Norte S.A. Produção e Exportação (Primary PP),09/13/2017,09/12/2047,03/19/2024,Official,No,Polygon,"MULTIPOLYGON Z (((-50.163697 -2.492257 0, -50.161234 -2.492234 0, -50.161719 -2.493976 0, -50.162523 -2.496868 0, -50.162502 -2.497433 0, -50.161352 -2.500483 0, -50.163402 -2.503079 0, -50.164824 -2.504188 0, -50.1667 -2.505651 0, -50.167978 -2.508256 0","MULTIPOLYGON (((-50.739395 -2.536053, -50.739665 -2.536053, -50.739665 -2.536324, -50.740744 -2.536325, -50.740744 -2.536596, -50.740839 -2.536596, -50.742202 -2.536466, -50.743359 -2.53546, -50.744253 -2.534601, -50.744253 -2.534154, -50.744792 -2.53415",
8,Agrocortex REDD Project,VCS1686,Verra,VM0015,AD,Brazil,Agrocortex Madeiras do Acre Agroflorestal Ltda.,07/01/2014,06/30/2044,08/11/2023,Official,N/A,Polygon,"MULTIPOLYGON Z (((-69.022031 -8.713323 0, -69.022846 -8.712156 0, -69.022693 -8.711243 0, -69.021521 -8.710533 0, -69.022591 -8.710178 0, -69.023611 -8.710279 0, -69.026109 -8.710736 0, -69.034572 -8.711648 0, -69.043444 -8.712662 0, -69.047137 -8.712888",,
9,Amazon Rio REDD+ IFM,VCS1147,Verra,VM0011,IFM,Brazil,Empresa Brasileira de Conservacao de Florestas (EBCF),06/05/2013,06/04/2049,04/29/2024,Official,N/A,Polygon,"MULTIPOLYGON Z (((-61.547978 -5.988976 0, -61.54845 -5.994109 0, -61.550074 -6.000508 0, -61.546828 -6.002559 0, -61.539237 -6.000528 0, -61.537716 -6.002989 0, -61.542056 -6.009872 0, -61.545027 -6.011711 0, -61.545102 -6.011566 0, -61.545128 -6.011026",,
11,"Carbon Project in the Emas-Taquari Biodiversity Corridor, Goias and Mato Grosso do Sul, Brazil",VCS738,Verra,AR-AMS0001,ARR,Brazil,Oreades Geoprocessing Center,12/06/2010,12/05/2040,10/26/2023,Official,N/A,Polygon,"MULTIPOLYGON Z (((-53.379876 -18.212124 0, -53.379462 -18.211721 0, -53.37897 -18.212183 0, -53.378687 -18.212448 0, -53.376844 -18.214258 0, -53.375484 -18.215578 0, -53.378324 -18.219202 0, -53.379667 -18.217609 0, -53.381154 -18.215799 0, -53.37952 -1",,
12,Cikel Brazilian Amazon REDD APD Project,VCS832,Verra,VM0007,AD,Brazil,CKVB Florestal Ltda.,07/19/2007,07/18/2027,10/27/2023,Official,N/A,Polygon,"MULTIPOLYGON Z (((-48.271943 -3.676091 0, -48.273706 -3.616576 0, -48.244026 -3.615792 0, -48.24678 -3.55584 0, -48.186932 -3.554374 0, -48.186932 -3.554373 0, -48.189393 -3.525683 0, -48.129319 -3.522402 0, -48.129032 -3.552919 0, -48.186968 -3.554988 0","MULTIPOLYGON Z (((-48.815778 -3.696437 0, -48.815812 -3.69639 0, -48.815832 -3.696368 0, -48.816065 -3.696124 0, -48.816103 -3.696089 0, -48.816145 -3.696058 0, -48.81619 -3.696033 0, -48.816237 -3.696012 0, -48.816852 -3.69579 0, -48.816927 -3.69577 0,",
13,Corridors for Life ARR Grouped Project,VCS3727,Verra,AR-ACM0003,ARR,Brazil,Biofilica Ambipar Environmental Investments,11/18/2021,11/17/2071,05/02/2024,Official,N/A,Polygon,"MULTIPOLYGON Z (((-52.62203 -22.470043 0, -52.621848 -22.46989 0, -52.621788 -22.469732 0, -52.621293 -22.469336 0, -52.620872 -22.469031 0, -52.620658 -22.468689 0, -52.62041 -22.468244 0, -52.620525 -22.46782 0, -52.620597 -22.467581 0, -52.620577 -22.","MULTIPOLYGON Z (((-52.621765 -22.469715 0, -52.620886 -22.469039 0, -52.62041 -22.468267 0, -52.620396 -22.468211 0, -52.620594 -22.467612 0, -52.620563 -22.467168 0, -52.620451 -22.466941 0, -52.62058 -22.467185 0, -52.620575 -22.466932 0, -52.620444 -2",
14,Ecomapuá Amazon REDD Project,VCS1094,Verra,VM0015,AD,Brazil,Sustainable Carbon,01/01/2003,12/31/2032,07/26/2023,Official,N/A,Polygon,"MULTIPOLYGON Z (((-49.891514 -1.152072 0, -49.807718 -1.374974 0, -49.893772 -1.338371 0, -49.899295 -1.337787 0, -49.904362 -1.339647 0, -49.909444 -1.341464 0, -49.923819 -1.34097 0, -49.929131 -1.341917 0, -49.945212 -1.342496 0, -49.950357 -1.343794","MULTIPOLYGON Z (((-50.394789 -1.048665 0, -50.394789 -1.04877 0, -50.394703 -1.04877 0, -50.394519 -1.048993 0, -50.394519 -1.049041 0, -50.394479 -1.049041 0, -50.3838 -1.062019 0, -50.381449 -1.069873 0, -50.374449 -1.099567 0, -50.378867 -1.114041 0,",
15,Fazenda Nascente Do Luar Agroforestry Project,VCS2079,Verra,AR-ACM0003,ARR,Brazil,Carbon Credits Consulting,04/01/2015,12/31/2044,08/14/2023,Official,N/A,Polygon,"MULTIPOLYGON Z (((-53.379964 -18.579754 0, -53.379705 -18.580193 0, -53.379917 -18.58062 0, -53.380199 -18.580623 0, -53.38048 -18.58076 0, -53.380421 -18.580806 0, -53.380417 -18.580948 0, -53.38061 -18.581059 0, -53.380605 -18.58138 0, -53.380889 -18.5","MULTIPOLYGON (((-53.453107 -18.579296, -53.453038 -18.57924, -53.450073 -18.578158, -53.449587 -18.578982, -53.449428 -18.579237, -53.449311 -18.579501, -53.449177 -18.579715, -53.449093 -18.579806, -53.450633 -18.580187, -53.450536 -18.580613, -53.45269",
16,Fazenda Sao Paulo Agroforestry,VCS1663,Verra,AR-ACM0003,ARR,Brazil,Carbon Credits Consulting,01/01/2013,12/31/2042,10/25/2023,Official,N/A,Polygon,"MULTIPOLYGON Z (((-54.306483 -20.746839 0, -54.307184 -20.73825 0, -54.306553 -20.73058 0, -54.306561 -20.729547 0, -54.320021 -20.74535 0, -54.332652 -20.746182 0, -54.332415 -20.745653 0, -54.332444 -20.745362 0, -54.331972 -20.744981 0, -54.332027 -20","MULTIPOLYGON Z (((-54.291173 -20.717449 0, -54.288915 -20.720831 0, -54.291029 -20.726747 0, -54.296954 -20.721362 0, -54.296546 -20.720011 0, -54.294444 -20.718354 0, -54.295019 -20.717619 0, -54.291173 -20.717449 0)), ((-54.306006 -20.721872 0, -54.306",
17,Floresta Verde REDD+ Project,VCS1953,Verra,VM0015,AD,Brazil,Amazon Reforestation Consortium,01/01/2016,12/31/2045,10/23/2023,Official,N/A,Polygon,"MULTIPOLYGON Z (((-47.3042 -3.864743 0, -47.3045 -3.864365 0, -47.304497 -3.864256 0, -47.304499 -3.864362 0, -47.304199 -3.864742 0, -47.304082 -3.864727 0, -47.3042 -3.864743 0)), ((-47.303478 -3.86465 0, -47.304082 -3.864727 0, -47.303499 -3.864647 0,",,
18,Florestal Santa Maria REDD+ Project,VCS875,Verra,VM0007,AD,Brazil,Florestal Santa Maria S/A,04/13/2009,04/13/2039,07/13/2023,Official,N/A,Polygon,"POLYGON Z ((-59.298168 -9.286272 0, -59.278381 -9.285539 0, -59.278267 -9.285535 0, -59.277481 -9.285506 0, -59.277318 -9.2855 0, -59.277289 -9.285499 0, -59.257069 -9.284745 0, -59.256371 -9.285783 0, -59.095327 -9.287049 0, -59.102791 -9.233942 0, -59.",,
19,Fortaleza Ituxi REDD Project,VCS1654,Verra,VM0015,AD,Brazil,Fazenda Nossa Senhora das Cachoeiras do Ituxi,12/15/2013,12/14/2043,10/25/2023,Official,N/A,Polygon,"MULTIPOLYGON Z (((-66.036731 -8.839867 0, -66.035897 -8.839984 0, -66.035469 -8.839648 0, -66.035218 -8.83892 0, -66.035173 -8.838795 0, -66.034542 -8.837552 0, -66.034207 -8.837112 0, -66.033691 -8.835898 0, -66.033424 -8.835341 0, -66.033366 -8.834984",,
20,Hiwi REDD+ Project,VCS3002,Verra,VM0015,AD,Brazil,Carbonext Technologia em Solucoes Ambientaies,08/31/2019,08/30/2049,05/02/2024,Official,N/A,Polygon,"MULTIPOLYGON Z (((-68.113654 -9.892913 0, -68.113659 -9.893239 0, -68.11419 -9.892904 0, -68.114114 -9.892893 0, -68.114038 -9.892856 0, -68.113977 -9.892797 0, -68.113937 -9.892722 0, -68.113922 -9.892639 0, -68.11391 -9.892723 0, -68.113873 -9.892799 0",,
21,Ilha Do Bananal+ Project,ER123,EcoRegistry,CERCARBONO,AD,Brazil,Biofix Consultoria LTDA,01/01/2016,12/31/2045,07/25/2023,Official,N/A,Polygon,"POLYGON Z ((-49.954853 -10.204977 0, -49.954961 -10.205122 0, -49.955096 -10.205259 0, -49.955258 -10.205406 0, -49.955439 -10.205534 0, -49.955629 -10.205654 0, -49.95582 -10.205755 0, -49.956011 -10.20583 0, -49.956201 -10.205895 0, -49.956384 -10.2059",,
22,Ipixuna REDD+ Project,ER125,EcoRegistry,M/UT - REDD+,AD,Brazil,Indigenous Carbon LLC,07/01/2017,06/30/2047,03/19/2024,Official,N/A,Polygon,"MULTIPOLYGON Z (((-62.43028 -7.153912 0, -62.430224 -7.153841 0, -62.430282 -7.153554 0, -62.430372 -7.153508 0, -62.430661 -7.153485 0, -62.431246 -7.153304 0, -62.431526 -7.153254 0, -62.431758 -7.153044 0, -62.431805 -7.152685 0, -62.431794 -7.152489","MULTIPOLYGON Z (((-62.419962 -7.158356 0, -62.41969 -7.158355 0, -62.41969 -7.158627 0, -62.419689 -7.159441 0, -62.419689 -7.159663 0, -62.419753 -7.159712 0, -62.41996 -7.159713 0, -62.421319 -7.159714 0, -62.421591 -7.159715 0, -62.421591 -7.159443 0,",
23,Jari/Amapá REDD+ Project,VCS1115,Verra,VM0015,AD,Brazil,Biofilica,02/14/2011,02/13/2041,08/16/2023,Georeferenced,Yes,Polygon,"MULTIPOLYGON Z (((-52.365544 -0.709379 0, -52.377041 -0.713878 0, -52.374819 -0.718878 0, -52.373541 -0.718333 0, -52.359944 -0.712526 0, -52.359662 -0.713181 0, -52.359333 -0.714149 0, -52.359001 -0.715126 0, -52.358579 -0.716039 0, -52.358023 -0.71689","MULTIPOLYGON Z (((-52.373541 -0.718333 0, -52.359944 -0.712526 0, -52.359662 -0.713181 0, -52.359333 -0.714149 0, -52.359001 -0.715126 0, -52.358579 -0.716039 0, -52.358023 -0.71689 0, -52.357361 -0.717677 0, -52.356621 -0.718382 0, -52.355775 -0.718925",
24,Jari/Pará REDD+ Project,VCS1811,Verra,VM0015,AD,Brazil,Biofilica,07/08/2014,07/07/2044,07/29/2023,Georeferenced,Yes,Polygon,"MULTIPOLYGON (((-52.840281 -1.565044, -52.841076 -1.565174, -52.841834 -1.565452, -52.84287 -1.565823, -52.842999 -1.564614, -52.843683 -1.564502, -52.844237 -1.564724, -52.847271 -1.565838, -52.84851 -1.566377, -52.84851 -1.567195, -52.847309 -1.567494,","MULTIPOLYGON (((-52.987895 -1.27364, -52.987895 -1.272735, -52.986996 -1.272736, -52.986997 -1.27364, -52.987895 -1.27364)), ((-52.986101 -1.277258, -52.987898 -1.277256, -52.987897 -1.275448, -52.986998 -1.275449, -52.9861 -1.275449, -52.986101 -1.27725",
25,Joao Bravo REDD+ Project,ER137,EcoRegistry,M/UT - REDD+,AD,Brazil,Indigenous Carbon LLC,07/01/2017,06/30/2047,03/19/2024,Official,N/A,Polygon,"MULTIPOLYGON (((-60.43799 -11.611483, -60.438795 -11.61166, -60.439191 -11.611684, -60.43799 -11.611483)), ((-60.490569 -11.310345, -60.490947 -11.310179, -60.490997 -11.31012, -60.49126 -11.309811, -60.491263 -11.309807, -60.491266 -11.309804, -60.49142","MULTIPOLYGON (((-60.490459 -11.310345, -60.490459 -11.310394, -60.490569 -11.310345, -60.490459 -11.310345)), ((-60.490997 -11.309807, -60.490997 -11.31012, -60.491263 -11.309807, -60.490997 -11.309807)), ((-60.491535 -11.308731, -60.491535 -11.309127, -",
26,Juina REDD+ Project,ER139,EcoRegistry,M/UT - REDD+,AD,Brazil,Indigenous Carbon LLC,01/07/2017,06/30/2047,03/19/2024,Official,N/A,Polygon,"MULTIPOLYGON Z (((-59.23127 -11.381973 0, -59.23127 -11.381899 0, -59.231215 -11.381899 0, -59.23127 -11.381973 0)), ((-59.230713 -11.380629 0, -59.230732 -11.380744 0, -59.230732 -11.380285 0, -59.230658 -11.380285 0, -59.230658 -11.380348 0, -59.230656",,
27,Manoa REDD+ Project,VCS1571,Verra,VM0015,AD,Brazil,Biofilica,01/01/2013,12/31/2042,07/12/2023,Official,N/A,Polygon,"MULTIPOLYGON Z (((-62.534232 -8.995649 0, -62.534221 -8.995667 0, -62.535352 -8.995681 0, -62.535352 -8.995663 0, -62.53445 -8.995652 0, -62.534232 -8.995649 0)), ((-62.539853 -8.988622 0, -62.541315 -8.988694 0, -62.541315 -8.988583 0, -62.54118 -8.9885",,
28,Maísa REDD+ Project,VCS1329,Verra,VM0015,AD,Brazil,Biofilica,05/21/2012,05/20/2042,07/29/2023,Official,N/A,Polygon,"MULTIPOLYGON Z (((-49.326498 -3.203368 0, -49.325958 -3.203367 0, -49.325961 -3.20174 0, -49.325421 -3.201739 0, -49.325422 -3.201196 0, -49.325962 -3.201197 0, -49.325962 -3.200654 0, -49.326502 -3.200655 0, -49.327582 -3.200657 0, -49.327581 -3.201119",,
29,"Multi-Species Reforestation in Mato Grosso, Brazil",VCS665,Verra,AR-AMS0006,ARR,Brazil,Office National des Forêts,11/01/1999,10/31/2039,08/11/2023,Georeferenced,Yes,Polygon,"MULTIPOLYGON (((-58.243302 -9.879001, -58.243062 -9.87876, -58.242517 -9.878183, -58.241988 -9.87743, -58.241299 -9.87703, -58.240674 -9.876918, -58.239761 -9.876773, -58.239168 -9.876645, -58.238527 -9.876709, -58.238463 -9.877238, -58.238815 -9.877847,",,
30,Pacajai REDD+ Project,VCS981,Verra,VM0015,AD,Brazil,Avoided Deforestation Project (Manaus) Limited,01/01/2009,12/31/2048,10/27/2023,Official,N/A,Polygon,"MULTIPOLYGON Z (((-51.424121 -2.294398 0, -51.422296 -2.294841 0, -51.420535 -2.295285 0, -51.419312 -2.294232 0, -51.418332 -2.294146 0, -51.416885 -2.29402 0, -51.414242 -2.294717 0, -51.411851 -2.295794 0, -51.409838 -2.297757 0, -51.407885 -2.299899",,
31,RMDLT Portel - Para REDD Project,VCS977,Verra,VM0015,AD,Brazil,RMDLT Property Group Ltd,01/01/2019,12/31/2058,10/26/2023,Official,N/A,Polygon,"MULTIPOLYGON Z (((-50.982881 -2.767122 0, -50.983759 -2.763022 0, -50.984501 -2.759905 0, -50.984323 -2.756969 0, -50.984502 -2.753473 0, -50.985048 -2.750345 0, -50.985233 -2.750161 0, -50.987447 -2.748879 0, -50.98763 -2.746673 0, -50.987635 -2.743918",,
32,Reforestation Grouped Project at Pratigi Environmental Protection Area,VCS1317,Verra,AR-AMS0007,ARR,Brazil,Land Conservation Organization,05/01/2011,04/30/2111,10/27/2023,Official,N/A,Polygon,"MULTIPOLYGON Z (((-39.343793 -13.914673 0, -39.343756 -13.914799 0, -39.343728 -13.914921 0, -39.343738 -13.914989 0, -39.343766 -13.915108 0, -39.343822 -13.915252 0, -39.343887 -13.915388 0, -39.343915 -13.915442 0, -39.343961 -13.915442 0, -39.344295",,
33,Resex Rio Preto-Jacundá REDD+ Project,VCS1503,Verra,VM0015,AD,Brazil,Biofilica,10/01/2012,09/30/2042,07/12/2023,Georeferenced,Yes,Polygon,"MULTIPOLYGON Z (((-62.371817 -8.750374 0, -62.371817 -8.75031 0, -62.371641 -8.750172 0, -62.371273 -8.749868 0, -62.371272 -8.750029 0, -62.370181 -8.750027 0, -62.370181 -8.750374 0, -62.371817 -8.750374 0)), ((-62.361187 -8.980814 0, -62.362968 -8.980","POLYGON ((-62.274249 -8.755939, -62.27623 -8.755991, -62.277636 -8.757867, -62.277063 -8.759587, -62.274458 -8.759066, -62.27279 -8.757294, -62.272999 -8.759587, -62.273364 -8.768862, -62.270341 -8.774125, -62.267788 -8.777095, -62.267423 -8.778398, -62.",
34,Rio Anapu-Pacaja REDD Project,VCS2252,Verra,VM0015,AD,Brazil,Brazil Agfor LLC,01/01/2016,12/31/2045,07/17/2023,Official,N/A,Polygon,"MULTIPOLYGON Z (((-50.944534 -3.029422 0, -50.944303 -3.025876 0, -50.941826 -3.026737 0, -50.940965 -3.0285 0, -50.939996 -3.030307 0, -50.938682 -3.031683 0, -50.936205 -3.032393 0, -50.934267 -3.034479 0, -50.93276 -3.03807 0, -50.93276 -3.038156 0, -",,
35,Rio Jacareacanga REDD+ Project,ER130,EcoRegistry,M/UT - REDD+,AD,Brazil,Indigenous Carbon LLC,01/07/2017,06/30/2047,03/19/2024,Official,N/A,Polygon,"MULTIPOLYGON Z (((-57.925647 -6.762234 0, -57.925586 -6.762093 0, -57.925415 -6.7617 0, -57.925105 -6.761014 0, -57.924873 -6.76048 0, -57.924795 -6.760175 0, -57.924717 -6.75987 0, -57.924716 -6.759717 0, -57.924638 -6.759183 0, -57.924483 -6.758802 0,","MULTIPOLYGON Z (((-57.925647 -6.762234 0, -57.925586 -6.762093 0, -57.92503 -6.762093 0, -57.92503 -6.762631 0, -57.924492 -6.762631 0, -57.924492 -6.763169 0, -57.92503 -6.763169 0, -57.92503 -6.764245 0, -57.925568 -6.764245 0, -57.925568 -6.763169 0,",
36,Rio Roosevelt REDD+ Project,ER143,EcoRegistry,M/UT - REDD+,AD,Brazil,Indigenous Carbon LLC,07/01/2017,06/30/2047,03/19/2024,Official,N/A,Polygon,"MULTIPOLYGON Z (((-60.58729 -11.491821 0, -60.587016 -11.491754 0, -60.587027 -11.491954 0, -60.586839 -11.491613 0, -60.586761 -11.491472 0, -60.586743 -11.49144 0, -60.586761 -11.49142 0, -60.586873 -11.491297 0, -60.586578 -11.490997 0, -60.586444 -11","MULTIPOLYGON Z (((-60.58729 -11.491821 0, -60.587306 -11.491843 0, -60.587369 -11.491969 0, -60.587506 -11.491874 0, -60.58729 -11.491821 0)), ((-60.586761 -11.491584 0, -60.586788 -11.49159 0, -60.586839 -11.491613 0, -60.586761 -11.491472 0, -60.586761",
37,Surui Forest Carbon Project,VCS1118,Verra,VM0015,AD,Brazil,Metareila Association of the Surui Indigenous Peopl,06/09/2009,06/08/2039,10/25/2023,Method,Yes,Polygon,"MULTIPOLYGON (((-61.314525 -11.247712, -61.31415 -11.247712, -61.31415 -11.245862, -61.31453 -11.245862, -61.314552 -11.236856, -61.314422 -11.236728, -61.314142 -11.236189, -61.312154 -11.23424, -61.311662 -11.233994, -61.312345 -11.233888, -61.314562 -",,"MULTIPOLYGON Z (((-61.149548 -11.24849 0, -61.31452 -11.249769 0, -61.314855 -11.114127 0, -61.425128 -11.114489 0, -61.430825 -10.751899 0, -60.953294 -10.739242 0, -60.929065 -10.738599 0, -60.924472 -10.938183 0, -60.924074 -10.955512 0, -61.149548 -1"
38,The ARR Cerrado Carbon Project,VCS2790,Verra,AR-ACM0003,ARR,Brazil,Suzano S.A.,07/19/2019,07/18/2119,03/19/2024,Official,No,Polygon,"MULTIPOLYGON Z (((-53.961472 -20.838783 0, -53.961577 -20.838959 0, -53.961481 -20.839031 0, -53.961326 -20.838941 0, -53.961288 -20.839073 0, -53.96141 -20.839129 0, -53.961417 -20.839253 0, -53.961402 -20.839527 0, -53.961487 -20.839544 0, -53.961513 -","MULTIPOLYGON Z (((-53.819848 -20.663823 0, -53.819888 -20.663803 0, -53.81993 -20.663787 0, -53.819973 -20.663775 0, -53.819983 -20.663772 0, -53.820015 -20.663765 0, -53.820135 -20.663737 0, -53.820157 -20.663731 0, -53.820269 -20.663705 0, -53.820394 -",
39,The ARR Horizonte Carbon Project,VCS3350,Verra,AR-ACM0003,ARR,Brazil,Suzano S.A.,11/02/2017,11/01/2052,05/02/2024,Official,N/A,Polygon,"MULTIPOLYGON Z (((-52.790478 -21.269887 0, -52.790521 -21.269939 0, -52.790532 -21.269961 0, -52.79055 -21.269996 0, -52.790569 -21.270024 0, -52.790584 -21.270054 0, -52.790593 -21.270086 0, -52.790598 -21.270118 0, -52.790608 -21.270172 0, -52.790627 -",,
40,The Amazon Reforestation Consortium Project,VCS1969,Verra,AR-ACM0003,ARR,Brazil,Amazon Reforestation Consortium,01/01/2016,12/31/2045,04/29/2024,Official,N/A,Polygon,"MULTIPOLYGON Z (((-47.293989 -3.921939 0, -47.293855 -3.921651 0, -47.293563 -3.92151 0, -47.29345 -3.921244 0, -47.293438 -3.921048 0, -47.29302 -3.92085 0, -47.292812 -3.92061 0, -47.292529 -3.920479 0, -47.292034 -3.920395 0, -47.292001 -3.920395 0, -",,
41,"The Envira Amazonia Project - A Tropical Forest Conservation Project in Acre, Brazil",VCS1382,Verra,VM0007,AD,Brazil,CarbonCo LLC,08/02/2012,08/01/2042,10/03/2023,Official,N/A,Polygon,"MULTIPOLYGON Z (((-70.303273 -8.786814 0, -70.302809 -8.786988 0, -70.302801 -8.786991 0, -70.302789 -8.786994 0, -70.302303 -8.787134 0, -70.302299 -8.787136 0, -70.302281 -8.78714 0, -70.302264 -8.787142 0, -70.302246 -8.787144 0, -70.30223 -8.787145 0",,
42,The Purus Project,VCS963,Verra,VM0007,AD,Brazil,CarbonCo LLC,05/23/2011,05/22/2041,10/27/2023,Official,N/A,Polygon,"MULTIPOLYGON (((-69.437081 -9.004982, -69.446119 -8.997494, -69.446783 -8.995329, -69.445474 -8.991295, -69.444158 -8.990486, -69.441929 -8.99038, -69.429898 -8.998768, -69.426055 -9.000813, -69.424957 -9.000985, -69.424462 -9.000471, -69.424813 -9.00041",,
43,The Russas Project,VCS1112,Verra,VM0007,AD,Brazil,CarbonCo LLC,03/17/2011,03/16/2041,10/26/2023,Official,N/A,Polygon,"MULTIPOLYGON Z (((-72.752274 -8.044097 0, -72.750554 -8.043536 0, -72.749065 -8.044161 0, -72.747566 -8.045464 0, -72.746405 -8.046325 0, -72.745463 -8.04713 0, -72.743981 -8.047232 0, -72.742984 -8.046468 0, -72.742266 -8.044904 0, -72.743015 -8.042914",,
44,The Serra Do Amolar REDD+ Project,VCS2566,Verra,VM0015,AD,Brazil,Instituto Homen Pantaneiro,07/01/2016,06/30/2046,05/01/2024,Method,Yes,Polygon,"MULTIPOLYGON (((-57.526057 -18.585079, -57.525429 -18.583065, -57.524682 -18.581489, -57.52339 -18.580402, -57.522149 -18.580159, -57.519966 -18.580055, -57.519392 -18.579947, -57.517908 -18.58026, -57.516078 -18.580324, -57.515728 -18.580336, -57.513479","MULTIPOLYGON (((-57.613451 -18.48495, -57.613451 -18.484695, -57.613181 -18.484695, -57.613181 -18.484184, -57.612912 -18.484184, -57.612912 -18.483928, -57.612642 -18.483928, -57.612642 -18.483417, -57.612373 -18.483417, -57.612373 -18.482906, -57.61210",
45,The Valpariso Project,VCS1113,Verra,VM0007,AD,Brazil,CarbonCo LLC,03/19/2011,03/18/2041,10/25/2023,Official,N/A,Polygon,"MULTIPOLYGON Z (((-72.747211 -7.980905 0, -72.747109 -7.981393 0, -72.746867 -7.982458 0, -72.746448 -7.982718 0, -72.745686 -7.982886 0, -72.745249 -7.983209 0, -72.744648 -7.983702 0, -72.744202 -7.984025 0, -72.743702 -7.984122 0, -72.74324 -7.984074",,
46,Unitor REDD+ Project,VCS2508,Verra,VM0015,AD,Brazil,Ituxi Administracao e Participacao Ltda.,04/26/2018,04/25/2048,05/01/2024,Official,N/A,Polygon,"MULTIPOLYGON (((-67.067317 -9.631939, -67.067314 -9.631668, -67.067041 -9.631671, -67.067044 -9.631942, -67.067317 -9.631939)), ((-67.067571 -9.630309, -67.067568 -9.630038, -67.067841 -9.630035, -67.067838 -9.629764, -67.067834 -9.629493, -67.067561 -9.",,
47,Yellow Ipe Grouped REDD Project,VCS2373,Verra,VM0015,AD,Brazil,Ecologia Assessoria Ltda.,03/01/2020,02/28/2050,10/21/2023,Official,N/A,Polygon,"MULTIPOLYGON Z (((-59.483432 -5.951276 0, -59.483621 -5.951331 0, -59.48362 -5.951125 0, -59.483418 -5.951126 0, -59.483349 -5.951126 0, -59.483078 -5.951127 0, -59.483076 -5.950585 0, -59.482534 -5.950588 0, -59.482535 -5.950859 0, -59.482004 -5.950861",,
48,"Avoiding Planned Deforestation and Degradation in the Valdivian Coastal Reserve, Chile",VCS1175,Verra,VM0007,AD,Chile,The Nature Conservancy,11/04/2003,11/03/2023,10/27/2023,Georeferenced,Yes,Polygon,"MULTIPOLYGON (((-73.694238 -40.011412, -73.668823 -40.012014, -73.64524 -40.011978, -73.645453 -40.013489, -73.644778 -40.015515, -73.644458 -40.016794, -73.644102 -40.018785, -73.643747 -40.020704, -73.645098 -40.022819, -73.645524 -40.024596, -73.64470","MULTIPOLYGON (((-73.588549 -40.023401, -73.589091 -40.020146, -73.586785 -40.020417, -73.585429 -40.021163, -73.582987 -40.021638, -73.580953 -40.021977, -73.578918 -40.02252, -73.578918 -40.022927, -73.577019 -40.022927, -73.575934 -40.022384, -73.57423",
49,"Reforestation of Degraded Lands in Valle California of Patagonia, Chile",VCS886,Verra,AR-ACM0001,ARR,Chile,SNP Patagonia Sur,04/30/2010,04/29/2090,10/25/2023,Georeferenced,Yes,Polygon,"MULTIPOLYGON (((-71.811106 -43.736879, -71.812123 -43.73663, -71.812912 -43.736189, -71.813255 -43.735921, -71.813362 -43.735633, -71.81335 -43.735157, -71.812963 -43.734551, -71.812139 -43.733919, -71.81194 -43.733557, -71.811735 -43.732942, -71.811809","MULTIPOLYGON (((-71.777954 -43.737653, -71.777782 -43.73747, -71.777905 -43.737215, -71.778051 -43.737044, -71.778182 -43.736893, -71.778163 -43.736743, -71.778124 -43.736626, -71.778085 -43.736407, -71.778003 -43.736332, -71.777814 -43.736267, -71.7776",
50,Reforesting Degraded Lands in Chile through the use of Mycorrhizal Inoculation,VCS1055,Verra,AR-ACM0003,ARR,Chile,Mikro-Tek,06/01/2003,05/31/2043,08/14/2023,Official,N/A,Polygon,"MULTIPOLYGON Z (((-71.649178 -35.033198 0, -71.649107 -35.033368 0, -71.648985 -35.033506 0, -71.648937 -35.033522 0, -71.648783 -35.03361 0, -71.648764 -35.033634 0, -71.64874 -35.033764 0, -71.648731 -35.03386 0, -71.6487 -35.033914 0, -71.648712 -35.0",,
51,Acapa - Bajo Mira Y Frontera REDD+ Project,VCS1389,Verra,VM0006,AD,Colombia,Bajo Mira y Frontera and Acapa,11/13/2013,11/12/2043,10/26/2023,Georeferenced,Yes,Polygon,"MULTIPOLYGON (((-78.780534 1.611189, -78.780948 1.608605, -78.781203 1.60701, -78.781324 1.606643, -78.781665 1.605144, -78.781767 1.604381, -78.781772 1.603999, -78.78169 1.60285, -78.781621 1.60248, -78.781513 1.602121, -78.781399 1.601355, -78.781304","MULTIPOLYGON (((-78.780948 1.608605, -78.781203 1.60701, -78.781324 1.606643, -78.781665 1.605144, -78.781767 1.604381, -78.781772 1.603999, -78.78169 1.60285, -78.781621 1.60248, -78.781513 1.602121, -78.781399 1.601355, -78.781304 1.600984, -78.781157",
52,Awakadaa Matsiadali REDD+ Project,ER55,EcoRegistry,CERCARBONO,AD,Colombia,MasBosque,01/01/2018,12/31/2047,07/25/2023,Official,N/A,Polygon,"MULTIPOLYGON (((-68.349134 2.275786, -68.349372 2.275905, -68.350305 2.276506, -68.35149 2.277354, -68.35234 2.277779, -68.353347 2.278338, -68.354041 2.27836, -68.35498 2.278538, -68.35567 2.278558, -68.35667 2.278645, -68.35768 2.278574, -68.358799 2.2",,
53,Bajo Calima y Bahía Málaga (BCBM) REDD+ Project,VCS1395,Verra,VM0006,AD,Colombia,EcoPartners,08/26/2013,08/25/2043,07/26/2023,Georeferenced,Yes,Polygon,"POLYGON ((-76.87947 3.87376, -76.879557 3.873947, -76.8796 3.874039, -76.879609 3.874059, -76.8799 3.874683, -76.87943 3.875158, -76.879141 3.87603, -76.87914 3.876974, -76.879574 3.878065, -76.879936 3.879155, -76.880298 3.880245, -76.88037 3.880826, -7","MULTIPOLYGON (((-76.87947 3.87376, -76.879557 3.873947, -76.8796 3.874039, -76.879609 3.874059, -76.8799 3.874683, -76.87943 3.875158, -76.879141 3.87603, -76.87914 3.876974, -76.879574 3.878065, -76.879936 3.879155, -76.880298 3.880245, -76.88037 3.8808",
54,Baka Rokarire REDD+ Project,ER53,EcoRegistry,CERCARBONO,AD,Colombia,MasBosque,01/01/2018,12/31/2047,07/25/2023,Official,N/A,Polygon,"MULTIPOLYGON (((-69.813274 -0.373475, -69.81327 -0.373475, -69.813265 -0.373474, -69.813203 -0.373468, -69.813135 -0.373461, -69.81313 -0.37346, -69.813128 -0.37346, -69.81311 -0.373455, -69.813033 -0.373432, -69.813031 -0.373431, -69.813028 -0.37343, -6",,
55,"Blue Carbon Project Gulf of Morrosquillo ""Vida Manglar""",VCS2290,Verra,VM0007,AD,Colombia,Conservation International,05/15/2015,05/14/2045,10/23/2023,Official,N/A,Polygon,"MULTIPOLYGON (((-75.924784 9.447425, -75.924277 9.447416, -75.923969 9.447417, -75.923611 9.447408, -75.923382 9.447359, -75.923283 9.447271, -75.923163 9.447222, -75.923107 9.447187, -75.923084 9.447173, -75.923043 9.447036, -75.923035 9.447032, -75.922",,
56,Bonos Verdes Colombia Grupo Custodiar,ER15,EcoRegistry,AR-ACM0003,ARR,Colombia,South Pole Carbon Asset Management S.A.S.,07/30/2008,07/20/2028,08/16/2023,Official,N/A,Polygon,"MULTIPOLYGON (((-75.087431 8.067904, -75.087441 8.06804, -75.087367 8.068023, -75.087221 8.06809, -75.087163 8.068189, -75.087265 8.068188, -75.087445 8.068217, -75.087479 8.068327, -75.087471 8.068388, -75.087527 8.068474, -75.087558 8.068533, -75.08753",,
57,Cajambre REDD+ Project,VCS1392,Verra,VM0006,AD,Colombia,EcoPartners,11/14/2013,11/13/2043,08/16/2023,Georeferenced,Yes,Polygon,"POLYGON ((-77.211548 3.588924, -77.211167 3.588782, -77.210809 3.588674, -77.210651 3.588489, -77.210373 3.588354, -77.210143 3.588082, -77.20969 3.58779, -77.209505 3.587531, -77.209239 3.587355, -77.209046 3.587215, -77.208689 3.587016, -77.208549 3.58","MULTIPOLYGON (((-77.211548 3.588924, -77.211167 3.588782, -77.210809 3.588674, -77.210651 3.588489, -77.210373 3.588354, -77.210143 3.588082, -77.20969 3.58779, -77.209505 3.587531, -77.209239 3.587355, -77.209046 3.587215, -77.208689 3.587016, -77.20854",
59,Carbono Ganados Y Bosques,ER30,EcoRegistry,AR-ACM0003,ARR,Colombia,Forestry Consulting Group SAS,05/02/2010,05/23/2029,08/16/2023,Official,N/A,Polygon,"MULTIPOLYGON (((-76.813653 8.508079, -76.813693 8.508076, -76.813727 8.508078, -76.813782 8.508046, -76.81386 8.508005, -76.813931 8.507973, -76.813982 8.507988, -76.814019 8.507991, -76.814074 8.507991, -76.814115 8.507986, -76.814109 8.507969, -76.8142",,
60,Carbono Nueva Esperanza,ER43,EcoRegistry,AR-ACM0003,ARR,Colombia,Forestry Consulting Group SAS,04/23/2010,04/22/2029,08/16/2023,Official,N/A,Polygon,"MULTIPOLYGON (((-76.442675 8.695, -76.442675 8.695, -76.442621 8.695003, -76.442588 8.695005, -76.442569 8.694897, -76.442567 8.694818, -76.442567 8.694818, -76.442733 8.694937, -76.442912 8.694996, -76.442912 8.694996, -76.442912 8.694996, -76.443113 8.",,
61,Carbono Oxigeno Para Todos,ER19,EcoRegistry,AR-ACM0003,ARR,Colombia,Forestry Consulting Group SAS,06/01/2009,05/01/2028,08/16/2023,Official,N/A,Polygon,"MULTIPOLYGON (((-75.646747 6.01904, -75.646662 6.018944, -75.64678 6.018834, -75.646845 6.01877, -75.646928 6.018532, -75.646927 6.018394, -75.646927 6.018277, -75.646938 6.018237, -75.64711 6.01825, -75.647397 6.018281, -75.647415 6.018281, -75.647439 6",,
62,Carbono Reforestadora El Guásimo,ER49,EcoRegistry,AR-ACM0003,ARR,Colombia,Forestry Consulting Group SAS,10/31/2007,12/31/2026,08/16/2023,Official,N/A,Polygon,"MULTIPOLYGON (((-75.405228 6.798564, -75.405205 6.798563, -75.405175 6.798573, -75.405159 6.798582, -75.405122 6.798619, -75.405113 6.798621, -75.405074 6.798621, -75.405049 6.798603, -75.405029 6.798597, -75.405002 6.798586, -75.404984 6.798572, -75.404",,
63,Carmen del Darien (CDD) REDD+ Project,VCS1390,Verra,VM0006,AD,Colombia,La madre,01/28/2014,01/27/2044,10/26/2023,Georeferenced,Yes,Polygon,"MULTIPOLYGON (((-77.083164 7.216265, -77.082442 7.216277, -77.081953 7.216286, -77.08086 7.216764, -77.080381 7.216975, -77.080141 7.21708, -77.079934 7.21717, -77.07951 7.217355, -77.079062 7.217575, -77.078686 7.217758, -77.078143 7.218125, -77.077679","MULTIPOLYGON (((-77.082442 7.216277, -77.081953 7.216286, -77.08086 7.216764, -77.080381 7.216975, -77.080141 7.21708, -77.079934 7.21717, -77.07951 7.217355, -77.079062 7.217575, -77.078686 7.217758, -77.078143 7.218125, -77.077679 7.218515, -77.077497",
64,Carvida Duratex,ER68,EcoRegistry,AR-ACM0003,ARR,Colombia,Forestry Consulting Group SAS,03/01/2007,02/28/2030,07/25/2023,Official,N/A,Polygon,"MULTIPOLYGON (((-75.15479 5.126285, -75.154787 5.126288, -75.154784 5.126284, -75.154815 5.126245, -75.15482 5.126216, -75.154819 5.126202, -75.154812 5.126176, -75.154805 5.126137, -75.154811 5.126122, -75.15481 5.126095, -75.15481 5.126075, -75.154816",,
65,"Cavadacavu Coreivu Jocu Bucuro Re, Nuje Necuva Aiye Baquepe",ER118,EcoRegistry,M/LU - REDD+,AD,Colombia,Corporación para el Manejo Sostenible de los Bosques MAS-BOSQUES,01/01/2018,12/31/2037,03/19/2024,Official,N/A,Polygon,"MULTIPOLYGON (((-71.313557 1.590826, -71.313832 1.590826, -71.313832 1.5911, -71.313556 1.591099, -71.313557 1.590826)), ((-71.310247 1.591641, -71.309971 1.591641, -71.309972 1.590821, -71.310248 1.590821, -71.310247 1.591641)), ((-71.313279 1.592466, -",,
66,Chonta Corozo REDD+ Project,ER117,EcoRegistry,M/UT - REDD+,AD,Colombia,Biofix Consultoria S.A.S BIC,01/01/2017,12/31/2036,03/19/2024,Official,N/A,Polygon,"MULTIPOLYGON (((-77.758886 2.249451, -77.758617 2.249452, -77.758616 2.249181, -77.758886 2.24918, -77.758886 2.249451)), ((-77.758108 2.265448, -77.758108 2.265719, -77.757839 2.265719, -77.757838 2.265448, -77.758108 2.265448)), ((-77.757571 2.266533,",,
67,Compañía Agrícola de la Sierra,ER73,EcoRegistry,AR-ACM0003,ARR,Colombia,Forestry Consulting Group SAS,11/30/2008,11/30/2028,07/26/2023,Official,N/A,Polygon,"MULTIPOLYGON (((-74.654424 6.66444, -74.654334 6.664425, -74.654225 6.664425, -74.654171 6.664551, -74.65409 6.66456, -74.654053 6.664443, -74.65399 6.66438, -74.653945 6.664362, -74.653854 6.664253, -74.653764 6.664199, -74.653646 6.664082, -74.653528 6",,
68,Concosta REDD+ Project,VCS1400,Verra,VM0006,AD,Colombia,Concosta Community Council,07/18/2013,07/07/2043,10/26/2023,Georeferenced,Yes,Polygon,"MULTIPOLYGON (((-77.096149 4.903435, -77.092599 4.899051, -77.090764 4.895411, -77.089035 4.891662, -77.088709 4.890483, -77.088594 4.888874, -77.088911 4.887799, -77.091902 4.88682, -77.092967 4.885635, -77.092734 4.881558, -77.092295 4.878984, -77.0921","MULTIPOLYGON (((-77.286967 4.524764, -77.286801 4.524931, -77.286634 4.52512, -77.286488 4.525308, -77.287118 4.524484, -77.286967 4.524764)), ((-77.285926 4.525663, -77.286488 4.525308, -77.286343 4.525496, -77.286155 4.525622, -77.285926 4.525663)), ((",
69,Condoto REDD+,VCS2723,Verra,VM0007,AD,Colombia,Consejo Comunitario Mayor De Condoto Iro,01/08/2019,01/07/2049,05/01/2024,Official,N/A,Polygon,"MULTIPOLYGON Z (((-76.391564 5.257751 0, -76.391699 5.258387 0, -76.391257 5.258659 0, -76.391233 5.258673 0, -76.391211 5.258684 0, -76.390724 5.258944 0, -76.389993 5.258947 0, -76.389872 5.258947 0, -76.389905 5.258636 0, -76.389924 5.258468 0, -76.38",,
70,"Conservation and Reforestation of Degraded Areas in Barbosa, Colombia",GS3025,Gold Standard,Gold Standard: Afforestation/Reforestation,ARR,Colombia,South Pole Carbon Asset Management S.A.S.,03/10/2011,03/10/2050,09/06/2023,Georeferenced,Yes,Polygon,"MULTIPOLYGON (((-75.399905 6.440526, -75.399291 6.4405, -75.399069 6.440396, -75.398729 6.4405, -75.398428 6.440748, -75.39835 6.44086, -75.398304 6.441036, -75.398134 6.44114, -75.39801 6.441238, -75.398004 6.441284, -75.397951 6.441095, -75.397919 6.44",,
71,Crima Predio Putumayo Y Andoque De Aduche REDD+ Project,VCS2872,Verra,VM0007,AD,Colombia,Consejo Regional Indigena Del Medio Amazonas,01/11/2018,01/10/2048,10/19/2023,Georeferenced,Yes,Polygon,"MULTIPOLYGON (((-74.804677 -0.182296, -74.684946 -0.052332, -74.678806 -0.063589, -74.673689 -0.064612, -74.666526 -0.069729, -74.642989 -0.049262, -74.636849 -0.049262, -74.634802 -0.050285, -74.633779 -0.052332, -74.631732 -0.052332, -74.630709 -0.0543",,
72,Cumare Carbon Project,VCS2532,Verra,AR-ACM0003,ARR,Colombia,Reforestadora Cumare S.A.S.,01/11/2016,10/31/2116,05/01/2024,Official,N/A,Polygon,"MULTIPOLYGON Z (((-72.550486 3.73664 0, -72.550116 3.736398 0, -72.549855 3.736507 0, -72.549629 3.736732 0, -72.549506 3.736659 0, -72.549589 3.736184 0, -72.549597 3.73603 0, -72.549686 3.73591 0, -72.549811 3.735732 0, -72.550041 3.735571 0, -72.55015",,
73,"Forestry Project for the Basin of the Chinchina River, an Environment and Productive Alternative for the City and the Region",VCS1378,Verra,AR-ACM0003,ARR,Colombia,"Instituto de Fomento, Promocion y Desarrollo de Manizales",06/04/2002,06/03/2042,10/27/2023,Official,N/A,Polygon,"MULTIPOLYGON Z (((-75.593629 4.976589 1029.4282, -75.59375 4.976542 1029.4282, -75.593947 4.976638 1029.4282, -75.59425 4.976702 1029.4282, -75.594376 4.976742 1029.4282, -75.594556 4.97676 1029.4282, -75.59478 4.976876 1029.4282, -75.595047 4.976989 102",,
74,"Grouped Project REDD+ Conservation of the Oak Ecological Corridor Guantiva - La Rusia - Iguaque, Colombia",VCS1657,Verra,VM0015,AD,Colombia,Fundacion Natura,03/14/2015,03/13/2045,10/25/2023,Georeferenced,Yes,Polygon,"MULTIPOLYGON (((-73.218443 6.044105, -73.218672 6.044453, -73.21903 6.044893, -73.219314 6.045233, -73.219937 6.045636, -73.220368 6.046204, -73.220753 6.046653, -73.220918 6.046873, -73.221083 6.047378, -73.221074 6.047854, -73.220946 6.048019, -73.2207",,
75,Grouped Project for Commercial Forest Plantations Initiative in the Department of Vichada,VCS1530,Verra,AR-ACM0003,ARR,Colombia,Fundacion Natura,06/15/2011,06/14/2041,10/26/2023,Official,N/A,Polygon,"MULTIPOLYGON Z (((-68.387215 5.550814 0, -68.386944 5.550739 0, -68.386447 5.550597 0, -68.386275 5.550545 0, -68.386968 5.548336 0, -68.387163 5.548424 0, -68.387798 5.548608 0, -68.387899 5.548639 0, -68.387803 5.548943 0, -68.387532 5.549797 0, -68.38",,
76,"Grouped Project for Restoration of Degraded Lands in Jaguar Corridors, Colombia",VCS1769,Verra,VM0005,IFM,Colombia,Forestales San Jose Ltd,09/01/2015,08/31/2055,04/29/2024,Official,N/A,Polygon,"MULTIPOLYGON (((-74.288399 6.223724, -74.287818 6.223049, -74.286936 6.222275, -74.286692 6.221765, -74.285723 6.221127, -74.284454 6.221048, -74.282445 6.21957, -74.281211 6.218832, -74.281146 6.218049, -74.281325 6.217009, -74.281712 6.216348, -74.2827",,
77,Mutatá REDD+ Project,VCS1399,Verra,VM0006,AD,Colombia,EcoPartners,06/26/2013,06/25/2043,07/26/2023,Georeferenced,N/A,Polygon,"MULTIPOLYGON (((-76.524499 7.238565, -76.524305 7.238551, -76.524106 7.23856, -76.523908 7.238581, -76.523521 7.238635, -76.523276 7.238664, -76.522968 7.238686, -76.522663 7.23869, -76.522362 7.23868, -76.522126 7.238661, -76.5219 7.238621, -76.52168 7.","MULTIPOLYGON (((-76.524499 7.238565, -76.524305 7.238551, -76.524106 7.23856, -76.523908 7.238581, -76.523521 7.238635, -76.523276 7.238664, -76.522968 7.238686, -76.522663 7.23869, -76.522362 7.23868, -76.522126 7.238661, -76.5219 7.238621, -76.52168 7.",
78,Payment for Environmental Services Scheme for Forest Management and Conservation of Water Sources in the Jurisdiction of Corpochivor,VCS1695,Verra,VM0015,AD,Colombia,Local Environmental Authority of Chivor,04/11/2014,04/10/2044,10/25/2023,Official,N/A,Polygon,"MULTIPOLYGON (((-73.307613 4.812244, -73.307658 4.812334, -73.307707 4.812461, -73.307748 4.812588, -73.307815 4.812796, -73.307873 4.812954, -73.307972 4.813117, -73.308071 4.813298, -73.308148 4.813506, -73.308359 4.813968, -73.308401 4.81406, -73.3085",,
79,Pedeguita Jiguamiandó REDD+,ER99,EcoRegistry,CERCARBONO,AD,Colombia,Terra Commodities Brokers,06/01/2020,05/01/2040,08/16/2023,Official,N/A,Polygon,"MULTIPOLYGON (((-76.763961 7.331381, -76.762951 7.332539, -76.762766 7.332903, -76.762681 7.333271, -76.762915 7.334248, -76.762927 7.334776, -76.762872 7.335344, -76.762606 7.336459, -76.76246 7.336783, -76.762262 7.337054, -76.761463 7.33774, -76.76028",,
80,Pitugucajude,ER100,EcoRegistry,M/LU - REDD+,AD,Colombia,Corporacion Masbosques,01/01/2018,12/31/2037,03/19/2024,Official,N/A,Polygon,"MULTIPOLYGON (((-70.107079 0.752103, -70.085131 0.768454, -70.069454 0.779204, -70.05234 0.790492, -70.035416 0.801589, -70.017921 0.812877, -70.004039 0.822442, -69.98916 0.829396, -69.954265 0.842766, -69.940969 0.854469, -69.927675 0.862828, -69.91936",,
81,Planeta Agradecido con Resguardo Indígena el Bajo Río Guainía and Río Negro,ER64,EcoRegistry,CERCARBONO,AD,Colombia,Human Forest SAS,01/01/2018,12/31/2037,07/25/2023,Official,N/A,Polygon,"MULTIPOLYGON (((-67.359167 2.527334, -67.358948 2.527333, -67.357377 2.528122, -67.356164 2.52848, -67.354736 2.52891, -67.353809 2.528766, -67.35281 2.528119, -67.35174 2.526827, -67.350384 2.526324, -67.348744 2.525533, -67.346746 2.524025, -67.345819",,
82,Programa de Compensación de Emisiones Cipreses de Colombia S.A.,ER75,EcoRegistry,AR-ACM0003,ARR,Colombia,South Pole Carbon Asset Management S.A.S.,12/31/2008,12/31/2038,08/16/2023,Official,N/A,Polygon,"MULTIPOLYGON Z (((-75.623468 6.00369 0, -75.623576 6.003625 0, -75.623607 6.003646 0, -75.623619 6.003676 0, -75.623646 6.003739 0, -75.62362 6.003809 0, -75.623638 6.003852 0, -75.623656 6.003894 0, -75.623663 6.003926 0, -75.623713 6.004009 0, -75.6237",,
84,Proyecto Asociativo Programatico Zona Andina y Costa Atlantica,ER29,EcoRegistry,CERCARBONO,ARR,Colombia,Forestry Consulting Group SAS,03/13/2011,03/12/2060,08/16/2023,Official,N/A,Polygon,"MULTIPOLYGON Z (((-75.129544 5.365584 0, -75.128621 5.36576 0, -75.128555 5.365611 0, -75.128498 5.365526 0, -75.128511 5.3654 0, -75.128432 5.365239 0, -75.128373 5.365111 0, -75.12832 5.365018 0, -75.128265 5.364914 0, -75.128642 5.364709 0, -75.128956",,
85,Proyecto Conservacion Arlequin REDD+,ER22,EcoRegistry,M/LU - REDD+,AD,Colombia,Biofix Consultoria S.A.S BIC,01/01/2015,12/31/2034,03/19/2024,Official,N/A,Polygon,"MULTIPOLYGON (((-76.726222 5.42561, -76.726222 5.425882, -76.72514 5.425885, -76.725141 5.426156, -76.724328 5.426158, -76.724329 5.426429, -76.723788 5.426431, -76.723789 5.426702, -76.723247 5.426704, -76.723248 5.426975, -76.722977 5.426976, -76.72297",,
86,Proyecto REDD+ Pazcifico Sur,ER114,EcoRegistry,M/UT - REDD+,AD,Colombia,CO2CERO,01/07/2017,12/31/2036,03/19/2024,Official,N/A,Polygon,"MULTIPOLYGON (((-78.68419 1.414339, -78.68669 1.430586, -78.689189 1.433086, -78.68669 1.450582, -78.675442 1.449332, -78.675442 1.444333, -78.667943 1.430586, -78.666694 1.421838, -78.664194 1.415589, -78.655446 1.416839, -78.655446 1.404341, -78.640449",,
87,Proyecto REDD+ Zona Isana y Surubi,ER67,EcoRegistry,M/LU - REDD+,AD,Colombia,Human Forest SAS,01/01/2018,12/31/2037,03/19/2024,Official,N/A,Polygon,"MULTIPOLYGON (((-69.84585 1.713488, -69.84575 1.713566, -69.845749 1.713318, -69.845747 1.710922, -69.845746 1.709557, -69.845755 1.704153, -69.845819 1.66354, -69.846042 1.514483, -69.846056 1.51447, -69.871878 1.513319, -69.885612 1.512707, -69.897359",,
88,Proyecto de Conservacion Delfines Cupica REDD+,BCR14-002,BioCarbon Registry,VM0007,AD,Colombia,BioFix Consultoria,01/01/2010,12/31/2039,09/07/2023,Official,N/A,Polygon,"MULTIPOLYGON Z (((-77.598214 7.085226 0, -77.598192 7.085226 0, -77.598185 7.085215 0, -77.598118 7.085163 0, -77.598213 7.085208 0, -77.598214 7.085226 0)), ((-77.31615 6.203403 0, -77.316093 6.203424 0, -77.316149 6.2033 0, -77.31615 6.203403 0)), ((-7",,
89,Proyecto de Conservacion UNU-MAI REDD+,ER148,EcoRegistry,M/UT - REDD+,AD,Colombia,Biofix Consultoria S.A.S BIC,01/01/2017,12/31/2037,03/19/2024,Official,N/A,Polygon,"MULTIPOLYGON Z (((-68.70045 3.623044 0, -68.699197 3.624049 0, -68.698151 3.622131 0, -68.698837 3.622259 0, -68.699364 3.622546 0, -68.70045 3.623044 0)), ((-68.724476 3.629459 0, -68.724649 3.628803 0, -68.725124 3.629725 0, -68.724476 3.629459 0)), ((",,
91,REDD+ Pazcifico,ER89,EcoRegistry,CERCARBONO,AD,Colombia,CO2CERO,01/01/2015,12/31/2034,08/16/2023,Official,N/A,Polygon,"MULTIPOLYGON (((-77.910849 2.666705, -77.910611 2.666589, -77.910394 2.666702, -77.910212 2.666655, -77.910041 2.666642, -77.909791 2.666594, -77.909598 2.66657, -77.909405 2.666534, -77.909234 2.66651, -77.908973 2.666508, -77.908654 2.666551, -77.90839",,
92,REDD+ Project Magnolios de Yarumal,VCS2317,Verra,VM0015,AD,Colombia,South Pole Carbon Asset Management S.A.S.,02/23/2016,02/22/2036,03/19/2024,Method,Yes,Polygon,"MULTIPOLYGON (((-75.590091 6.950985, -75.591644 6.950137, -75.591677 6.950157, -75.591926 6.950311, -75.592156 6.95056, -75.592348 6.950544, -75.592879 6.950499, -75.593349 6.950872, -75.594112 6.950916, -75.594882 6.950673, -75.595197 6.950009, -75.5961","MULTIPOLYGON (((-75.575265 6.975282, -75.575265 6.975014, -75.574995 6.975014, -75.574995 6.975282, -75.574187 6.975282, -75.574187 6.975014, -75.573378 6.975014, -75.573378 6.974747, -75.573109 6.974747, -75.573109 6.974479, -75.572839 6.974479, -75.572",
93,REDD+ Project Resguardo Indigena Unificado Selva de Mataven (RIU SM),VCS1566,Verra,VM0007,AD,Colombia,ACATISEMA,01/01/2013,12/31/2042,10/26/2023,Official,N/A,Polygon,"MULTIPOLYGON (((-70.032297 4.354552, -70.032239 4.35455, -70.032057 4.354544, -70.031925 4.354539, -70.031786 4.354534, -70.031751 4.354533, -70.031516 4.35452, -70.031246 4.354496, -70.03098 4.354458, -70.030739 4.354412, -70.030739 4.354282, -70.030399",,
94,Recovery of Degraded Areas with Agroforestry Systems in Colombia,VCS1429,Verra,AR-ACM0003,ARR,Colombia,Fundacion Natura,01/16/2012,01/15/2112,10/30/2023,Georeferenced,Yes,Polygon,"MULTIPOLYGON (((-75.556705 5.997977, -75.556576 5.998208, -75.556548 5.99854, -75.556373 5.998891, -75.556225 5.999306, -75.556142 5.999657, -75.556216 6.000137, -75.556179 6.000653, -75.556327 6.000875, -75.556354 6.001475, -75.556318 6.002038, -75.5565",,
95,Reforestacion de Suelos Degradados en Antioquia,ER13,EcoRegistry,AR-ACM0003,ARR,Colombia,South Pole Carbon Asset Management S.A.S.,01/05/2009,01/30/2024,08/16/2023,Official,N/A,Polygon,"MULTIPOLYGON (((-75.189402 6.599339, -75.189401 6.599062, -75.189188 6.599062, -75.189192 6.599043, -75.18921 6.599011, -75.189223 6.598981, -75.189218 6.598958, -75.189217 6.598931, -75.189222 6.598897, -75.18923 6.598875, -75.189236 6.598847, -75.18924",,
96,Reforestation with Rubber on Degraded Lands of Colombia,VCS1233,Verra,AR-ACM0003,ARR,Colombia,Compania de Profesionales de Bolsa S.A.,12/20/2011,12/19/2046,10/27/2023,Georeferenced,Yes,Polygon,"MULTIPOLYGON (((-70.37774 4.880743, -70.377328 4.880462, -70.376976 4.880356, -70.376518 4.88013, -70.376186 4.879903, -70.375884 4.879954, -70.375814 4.880024, -70.375135 4.879737, -70.374642 4.879415, -70.374038 4.879164, -70.373213 4.878993, -70.37268",,
97,Regenerating Colombian Coffee Ecosystems,VCS1682,Verra,AR-AMS0007,ARR,Colombia,PUR Project,04/20/2014,04/19/2054,10/25/2023,Official,N/A,Polygon,"MULTIPOLYGON (((-75.984422 2.538422, -75.984399 2.538457, -75.984378 2.538528, -75.984373 2.538562, -75.984372 2.538563, -75.984371 2.538565, -75.984369 2.538566, -75.984347 2.538569, -75.984312 2.538569, -75.984255 2.538568, -75.984182 2.538589, -75.984",,
98,Regional Natural Park:Biological Corridor PNN Purace-PNN Cueva de Los Guacharos,VCS1765,Verra,VM0015,AD,Colombia,Corporacion Autonoma Regional del Rio Grande de La Magdalena - Cormagdalena,03/08/2014,03/07/2044,10/24/2023,Georeferenced,Yes,Polygon,"MULTIPOLYGON (((-76.295146 1.718177, -76.294888 1.718048, -76.294501 1.71779, -76.294289 1.717578, -76.296889 1.71895, -76.296822 1.71895, -76.296564 1.718822, -76.296048 1.718564, -76.295661 1.718435, -76.295404 1.718306, -76.295146 1.718177)), ((-76.29",,
99,"Restoration of Degraded Areas and Reforestation in Caceres and Cravo Norte, Colombia",VCS576,Verra,AR-AM0005,ARR,Colombia,Swiss Carbon Value Ltd.,02/02/2002,02/01/2032,10/26/2023,Georeferenced,Yes,Polygon,"MULTIPOLYGON (((-70.353112 6.450915, -70.346354 6.45301, -70.340934 6.454637, -70.33826 6.455901, -70.335622 6.455504, -70.343102 6.442603, -70.346318 6.436858, -70.347836 6.431148, -70.34827 6.429305, -70.350438 6.425114, -70.352714 6.420018, -70.347475",,
100,Rincco Carbon,ER59,EcoRegistry,AR-ACM0003,ARR,Colombia,Forestry Consulting Group SAS,05/01/2008,04/30/2035,08/16/2023,Official,N/A,Polygon,"MULTIPOLYGON Z (((-75.81325 5.692501 0, -75.81333 5.692437 0, -75.813416 5.692435 0, -75.813543 5.692464 0, -75.813665 5.6925 0, -75.813822 5.69251 0, -75.813937 5.692515 0, -75.814066 5.692565 0, -75.814195 5.692568 0, -75.814259 5.69258 0, -75.8143 5.6",,
101,Rio Pepe Y ACABA REDD+ Project,VCS1396,Verra,VM0006,AD,Colombia,EcoPartners,12/01/2014,12/01/2044,08/16/2023,Official,N/A,Polygon,"POLYGON ((-76.830014 5.390446, -76.829488 5.390209, -76.828653 5.390142, -76.82746 5.38998, -76.826458 5.389745, -76.825693 5.38939, -76.825401 5.389078, -76.824782 5.388414, -76.824493 5.387579, -76.824321 5.386528, -76.824196 5.385286, -76.824185 5.384",,
102,Riscales REDD+ Project,VCS1806,Verra,VM0007,AD,Colombia,Consejo Comunitario General Los Riscales,01/01/2014,12/31/2043,10/24/2023,Georeferenced,Yes,Polygon,"MULTIPOLYGON Z (((-77.204602 5.658509 0, -77.204178 5.658085 0, -77.20367 5.657916 0, -77.203163 5.656985 0, -77.202739 5.656561 0, -77.202485 5.656053 0, -77.202147 5.655799 0, -77.201808 5.655461 0, -77.201215 5.654783 0, -77.200623 5.654529 0, -77.200","MULTIPOLYGON Z (((-77.204178 5.658085 0, -77.20367 5.657916 0, -77.203163 5.656985 0, -77.202739 5.656561 0, -77.202485 5.656053 0, -77.202147 5.655799 0, -77.201808 5.655461 0, -77.201215 5.654783 0, -77.200623 5.654529 0, -77.200115 5.654275 0, -77.199",
103,SKCarbon,ER46,EcoRegistry,AR-ACM0003,ARR,Colombia,Forestry Consulting Group SAS,07/01/2010,06/30/2039,08/16/2023,Official,N/A,Polygon,"MULTIPOLYGON (((-75.591991 4.566916, -75.591886 4.566882, -75.591885 4.566886, -75.591828 4.566911, -75.591645 4.566901, -75.591633 4.5669, -75.591622 4.566878, -75.591621 4.566877, -75.591619 4.566874, -75.591618 4.566872, -75.591616 4.56687, -75.591614",,
104,Santa Ines Carbon,ER97,EcoRegistry,AR-ACM0003,ARR,Colombia,Forestry Consulting Group SAS,03/01/2013,06/30/2037,08/16/2023,Official,N/A,Polygon,"MULTIPOLYGON (((-75.142484 9.919814, -75.142555 9.91967, -75.142609 9.919643, -75.142658 9.919618, -75.14275 9.919586, -75.142849 9.919562, -75.143006 9.91951, -75.143157 9.919481, -75.143219 9.919472, -75.143252 9.919484, -75.143291 9.919498, -75.143456",,
105,Siviru-Usaraga-Pizarro-Piliza (SUPP) REDD+ Project,VCS1391,Verra,VM0006,AD,Colombia,SUPP,10/26/2013,10/25/2043,10/26/2023,Georeferenced,Yes,Polygon,"MULTIPOLYGON (((-77.148809 4.843948, -77.144367 4.844154, -77.143885 4.843009, -77.14345 4.841601, -77.142899 4.840815, -77.142158 4.840389, -77.140347 4.84023, -77.139322 4.839948, -77.138723 4.83921, -77.139031 4.83873, -77.140525 4.837338, -77.140538","MULTIPOLYGON (((-77.144367 4.844154, -77.143885 4.843009, -77.14345 4.841601, -77.142899 4.840815, -77.142158 4.840389, -77.140347 4.84023, -77.139322 4.839948, -77.138723 4.83921, -77.139031 4.83873, -77.140525 4.837338, -77.140538 4.834843, -77.140551",
106,The Choco-Darien Conservation Corridor REDD Project,VCS856,Verra,VM0009,AD,Colombia,Anthrotect,10/18/2010,10/17/2040,10/25/2023,Method,N/A,Polygon,"MULTIPOLYGON (((-77.208179 8.292208, -77.208408 8.292006, -77.208493 8.291765, -77.20904 8.291514, -77.209271 8.291685, -77.209245 8.291867, -77.20933 8.291857, -77.20942 8.292545, -77.208907 8.293495, -77.208837 8.294144, -77.20954 8.296298, -77.20972 8","MULTIPOLYGON (((-77.348315 8.346842, -77.348315 8.346303, -77.348584 8.346303, -77.348584 8.346034, -77.348655 8.346034, -77.348854 8.346231, -77.348854 8.346303, -77.348926 8.346303, -77.349123 8.346499, -77.349123 8.346573, -77.348854 8.346573, -77.348",
107,Yaawi Iipana REDD+ Project,ER102,EcoRegistry,CERCARBONO,AD,Colombia,Biofix Consultoria LTDA,01/01/2016,12/31/2045,07/25/2023,Official,N/A,Polygon,"MULTIPOLYGON Z (((-71.24644 1.672514 0, -71.246471 1.672514 0, -71.246464 1.672509 0, -71.24644 1.672492 0, -71.24644 1.672514 0)), ((-71.241311 1.676566 0, -71.241318 1.676566 0, -71.241318 1.676565 0, -71.241311 1.676566 0)), ((-71.240779 1.677107 0, -",,
108,"Yagual - Carbon Sequestration Grouped Project for the Restoration, Conservation and Sustainable Production in the Guerrero, Sumapaz and Rabanal Paramo Systems",VCS1869,Verra,AR-ACM0003,ARR,Colombia,Terra Integrity,12/19/2018,12/18/2048,10/24/2023,Georeferenced,Yes,Polygon,"MULTIPOLYGON (((-74.657949 3.499339, -74.657587 3.498977, -74.657587 3.498615, -74.657406 3.498253, -74.657225 3.497891, -74.657044 3.497528, -74.656863 3.496985, -74.656682 3.496623, -74.656501 3.496261, -74.65632 3.495899, -74.65632 3.495537, -74.65595",,
109,Afforestation and Restoration of Degraded Forests in Eastern Paraguay or Forestal Azul Carbon Project,VCS2469,Verra,AR-ACM0003,ARR,Paraguay,Forestal Azul SA,06/01/2018,05/31/2028,10/19/2023,Official,N/A,Polygon,"MULTIPOLYGON (((-56.56819 -23.886922, -56.570253 -23.935236, -56.570371 -23.943566, -56.570475 -23.945187, -56.572293 -23.978464, -56.572623 -23.978466, -56.572725 -23.978467, -56.582455 -23.978535, -56.582948 -23.978538, -56.587888 -23.978572, -56.59324",,
110,Afforestation in Cooperation with Local Landowners for Forestal San Pedro S.A.,VCS2361,Verra,AR-ACM0003,ARR,Paraguay,Forestal San Pedro,04/05/2015,04/04/2035,10/23/2023,Official,N/A,Polygon,"MULTIPOLYGON (((-55.027797 -24.452821, -55.012806 -24.45629, -55.012785 -24.456298, -55.012783 -24.456318, -55.01283 -24.457372, -55.012834 -24.457388, -55.012852 -24.457387, -55.02793 -24.453892, -55.027947 -24.453885, -55.027948 -24.453868, -55.027824",,
111,Afforestation of Degraded Grasslands in Caazapa and Guaira,VCS2498,Verra,AR-ACM0003,ARR,Paraguay,Miller Forest Investment AG,01/13/2016,01/12/2046,10/19/2023,Official,N/A,Polygon,"MULTIPOLYGON (((-56.642926 -26.428851, -56.647745 -26.429273, -56.646757 -26.426831, -56.641404 -26.42636, -56.642926 -26.428851)), ((-56.642635 -26.428826, -56.641114 -26.426334, -56.637249 -26.425994, -56.639041 -26.428511, -56.642635 -26.428826)), ((-",,
112,Impact Reforestation in the Chaco Project,VCS2496,Verra,AR-ACM0003,ARR,Paraguay,Investancia Paraguay S.A.,01/01/2022,12/31/2051,05/01/2024,Official,N/A,Polygon,"MULTIPOLYGON Z (((-58.187967 -21.420227 0, -58.187965 -21.422446 0, -58.198726 -21.422406 0, -58.198747 -21.420188 0, -58.187967 -21.420227 0)))",,
113,Southern Paraguay Sustainable Afforestation Project,VCS2556,Verra,AR-ACM0003,ARR,Paraguay,South Pole Carbon Asset Management S.A.S.,11/18/2016,11/17/2046,03/19/2024,Official,N/A,Polygon,"MULTIPOLYGON (((-56.53492 -27.08606, -56.532918 -27.086365, -56.532994 -27.08708, -56.535173 -27.086574, -56.535036 -27.08612, -56.53492 -27.08606)), ((-56.537813 -27.085812, -56.537673 -27.085719, -56.537311 -27.085704, -56.535385 -27.086071, -56.535392",,
114,The Paraguay Forest Conservation Project,VCS1403,Verra,VM0007,AD,Paraguay,Swire Pacific Offshore Operations (Pte) Ltd.,10/31/2010,10/30/2030,10/27/2023,Official,N/A,Polygon,"MULTIPOLYGON Z (((-56.026647 -26.844 0, -56.010449 -26.866309 0, -56.005206 -26.866087 0, -56.002523 -26.867237 0, -55.99882 -26.870344 0, -55.993708 -26.87196 0, -55.989488 -26.872309 0, -55.983225 -26.873695 0, -55.978877 -26.873244 0, -55.975423 -26.8","MULTIPOLYGON (((-55.849825 -26.46794, -55.848512 -26.468426, -55.847704 -26.46875, -55.84747 -26.468851, -55.847018 -26.468965, -55.84657 -26.469085, -55.846331 -26.469159, -55.845951 -26.469308, -55.845324 -26.469664, -55.844967 -26.46982, -55.844832 -2",
115,The Paraguay Forest Conservation Project - Reduction of GHG Emissions from Deforestation and Forest Degradation in the Chaco-Pantanal Ecosystem,VCS953,Verra,VM0007,AD,Paraguay,Swire Pacific Offshore Operations (Pte) Ltd.,02/25/2011,02/24/2031,10/27/2023,Official,N/A,Polygon,"MULTIPOLYGON Z (((-58.556187 -20.3654 0, -58.582992 -20.36509 0, -58.583087 -20.317913 0, -58.577454 -20.31791 0, -58.577648 -20.225108 0, -58.545185 -20.225088 0, -58.545711 -20.24372 0, -58.547004 -20.289466 0, -58.546958 -20.308432 0, -58.555267 -20.3",,
116,Alto Huayabamba,VCS796,Verra,AR-AMS0001,ARR,Peru,PUR Project,04/01/2008,03/31/2048,08/14/2023,Linear,N/A,Polygon,"MULTIPOLYGON (((-76.648915 -7.660289, -76.6489 -7.660273, -76.648885 -7.66026, -76.648884 -7.660259, -76.648826 -7.6602, -76.648801 -7.660165, -76.648782 -7.660144, -76.648761 -7.660116, -76.648761 -7.660116, -76.648745 -7.66009, -76.648741 -7.660083, -7",,
117,Alto Mayo Conservation Initiative,VCS944,Verra,VM0015,AD,Peru,Conservation International,06/15/2008,06/14/2028,10/03/2023,Official,N/A,Polygon,"MULTIPOLYGON Z (((-77.199584 -6.18552 0, -77.200681 -6.185268 0, -77.201832 -6.18442 0, -77.202699 -6.183446 0, -77.202948 -6.182949 0, -77.202976 -6.182231 0, -77.202472 -6.180797 0, -77.202498 -6.17958 0, -77.202677 -6.178 0, -77.202983 -6.176571 0, -7",,
118,Biocorredor Martin Sagrado REDD+ Project,VCS958,Verra,VM0015,AD,Peru,PUR Project,01/01/2010,12/31/2049,10/26/2023,Official,N/A,Polygon,"MULTIPOLYGON (((-77.507004 -7.088452, -77.506997 -7.087097, -77.507268 -7.087095, -77.507263 -7.086011, -77.506991 -7.086012, -77.50699 -7.085741, -77.506175 -7.085746, -77.506177 -7.086017, -77.505906 -7.086018, -77.505907 -7.086289, -77.505636 -7.08629",,
119,Brazil Nut Concessions,VCS868,Verra,VM0007,AD,Peru,Bosques Amazonicos SAC,01/01/2010,12/31/2040,07/20/2023,Georeferenced,Yes,Polygon,"MULTIPOLYGON Z (((-69.24042 -11.488149 0, -69.245728 -11.479407 0, -69.265899 -11.47939 0, -69.265903 -11.483704 0, -69.26591 -11.490438 0, -69.265912 -11.492856 0, -69.267854 -11.490716 0, -69.268623 -11.489869 0, -69.269929 -11.490383 0, -69.288822 -11","MULTIPOLYGON (((-70.153465 -12.355429, -70.168529 -12.355844, -70.170803 -12.35256, -70.174074 -12.349735, -70.176305 -12.348099, -70.180767 -12.348247, -70.182849 -12.345719, -70.184931 -12.344529, -70.186249 -12.344529, -70.186584 -12.306607, -70.13972",
120,Cordillera Azul National Park REDD Project,VCS985,Verra,VM0007,AD,Peru,"Centro de Conservation, Investigacion y Manejo de Areas Naturales - Cordillera Azul",08/08/2008,08/07/2028,10/27/2023,Georeferenced,Yes,Polygon,"MULTIPOLYGON Z (((-75.756768 -8.051227 0, -75.756768 -8.051498 0, -75.757041 -8.051497 0, -75.75704 -8.051226 0, -75.756768 -8.051227 0)), ((-76.254787 -8.121628 0, -76.254788 -8.121899 0, -76.25506 -8.121898 0, -76.255059 -8.121627 0, -76.256693 -8.1216","MULTIPOLYGON Z (((-75.75704 -8.051226 0, -75.756768 -8.051227 0, -75.756768 -8.051498 0, -75.757041 -8.051497 0, -75.75704 -8.051226 0)), ((-76.256693 -8.121622 0, -76.256692 -8.12135 0, -76.257508 -8.121348 0, -76.257507 -8.121077 0, -76.258324 -8.12107",
121,"Evio Kuinaji Ese`Eja Cuana, to Mitigate Climate Change, Madre de Dios - Peru",VCS1218,Verra,VM0007,AD,Peru,PUR Project,07/01/2011,06/30/2031,10/26/2023,Official,N/A,Polygon,"MULTIPOLYGON (((-69.349897 -12.774284, -69.34953 -12.774827, -69.34907 -12.77528, -69.349347 -12.775913, -69.3499 -12.776274, -69.350176 -12.776002, -69.350452 -12.775369, -69.350235 -12.774523, -69.349759 -12.773749, -69.349621 -12.774161, -69.348239 -1",,
122,Forest Management in Shipibo Conibo and Cacataibo Communities,VCS1360,Verra,VM0015,AD,Peru,Association for Research and Integral Development,07/01/2010,06/30/2030,07/26/2023,Official,N/A,Polygon,"MULTIPOLYGON Z (((-75.393742 -9.447372 0, -75.393743 -9.447657 0, -75.393791 -9.447686 0, -75.394093 -9.447685 0, -75.393846 -9.447465 0, -75.393819 -9.447441 0, -75.393744 -9.447373 0, -75.393742 -9.447372 0)), ((-75.402739 -9.446756 0, -75.40259 -9.446",,
123,"Forest Management to Mitigate Climate Change in the Native Community of Belgica, Madre de Dios Region - Peru",VCS1799,Verra,VM0015,AD,Peru,Association for Research and Integral Development,07/01/2017,06/30/2037,10/24/2023,Official,N/A,Polygon,"MULTIPOLYGON (((-69.667374 -11.011213, -69.668428 -11.028507, -69.665462 -11.033838, -69.669465 -11.037948, -69.673789 -11.037844, -69.678064 -11.037159, -69.687157 -11.042252, -69.696182 -11.037704, -69.703912 -11.044155, -69.708212 -11.056363, -69.7220",,
124,Green Gold Loreto 1,VCS2345,Verra,VM0010,IFM,Peru,Green Gold Forestry Peru S.A.,08/01/2020,07/31/2040,10/23/2023,Georeferenced,Yes,Polygon,"MULTIPOLYGON Z (((-74.025551 -4.288769 0, -73.841361 -4.290599 0, -73.84197 -4.450393 0, -73.863317 -4.440025 0, -73.874295 -4.435145 0, -73.893812 -4.435145 0, -73.910279 -4.421728 0, -73.921258 -4.40831 0, -73.940774 -4.396112 0, -73.946873 -4.392452 0",,
125,Jubilación Segura : Agroforestry And Reforestation With Smallscale Farmers in Peru,VCS1496,Verra,AR-AMS0007,ARR,Peru,PUR Project,01/01/2010,12/31/2069,08/14/2023,Linear,N/A,Polygon,"MULTIPOLYGON (((-76.821151 -7.798209, -76.821108 -7.798117, -76.821114 -7.798142, -76.821136 -7.798188, -76.821151 -7.798209)), ((-76.821104 -7.798101, -76.821101 -7.79809, -76.821098 -7.79808, -76.821071 -7.798, -76.821066 -7.797985, -76.821067 -7.79798",,
126,Madre de Dios Amazon REDD+ Project,VCS844,Verra,VM0007,AD,Peru,Greenoxx Sociedad Civil,01/01/2009,12/31/2046,08/16/2023,Official,N/A,Polygon,"MULTIPOLYGON Z (((-69.976175 -10.949652 0, -69.975278 -10.949709 0, -69.974771 -10.949611 0, -69.974159 -10.949495 0, -69.972807 -10.948568 0, -69.971565 -10.947713 0, -69.971037 -10.947498 0, -69.970115 -10.947121 0, -69.969163 -10.946735 0, -69.969072",,
127,Planting for the Future: Financially Sustainable Agroforestry Systems and Payments for Ecosystem Services,VCS1351,Verra,AR-ACM0003,ARR,Peru,Plant Your Future,01/16/2012,01/15/2042,10/30/2023,Official,N/A,Polygon,"MULTIPOLYGON Z (((-73.428912 -4.016864 0, -73.429415 -4.017534 0, -73.430218 -4.016776 0, -73.429588 -4.016241 0, -73.428912 -4.016864 0)), ((-73.429372 -4.01625 0, -73.429967 -4.016097 0, -73.43004 -4.01551 0, -73.42922 -4.015743 0, -73.429372 -4.01625",,
128,REDD+ Project in the Alto Huayabamba Conservation Concession (CCAH),VCS1882,Verra,VM0015,AD,Peru,South Pole Carbon Asset Management S.A.S.,10/30/2013,12/31/2047,08/14/2023,Official,N/A,Polygon,"MULTIPOLYGON (((-77.412965 -7.590244, -77.412966 -7.590515, -77.412695 -7.590517, -77.412698 -7.591059, -77.412426 -7.591061, -77.412428 -7.591332, -77.412156 -7.591333, -77.412159 -7.591875, -77.411887 -7.591877, -77.411889 -7.592148, -77.411617 -7.5921",,
129,Reduction of Deforestation and Degradation in Tambopata National Reserve and Bahuaja-Sonene National Park within the area of Madre de Dios Region - Peru,VCS1067,Verra,VM0007,AD,Peru,Association for Research and Integral Development,07/01/2010,06/30/2030,10/30/2023,Georeferenced,Yes,Polygon,"MULTIPOLYGON (((-70.215583 -13.169505, -70.21449 -13.169073, -70.214146 -13.1695, -70.213494 -13.17001, -70.212415 -13.170022, -70.211478 -13.169239, -70.21098 -13.16867, -70.210743 -13.167982, -70.209841 -13.168789, -70.208964 -13.168978, -70.208323 -13",,
130,"Reforestation of Pasture Lands on the Peruvian Northern Andes - ""Forestry PRODICOM"" Grouped Project",VCS1397,Verra,AR-AMS0007,ARR,Peru,Societe de Cooperation pour le Development International,03/01/2015,02/28/2050,10/27/2023,Georeferenced,Yes,Polygon,"MULTIPOLYGON (((-77.798949 -7.823001, -77.798178 -7.822744, -77.797623 -7.822929, -77.797192 -7.823299, -77.797716 -7.823967, -77.797932 -7.82444, -77.798178 -7.824984, -77.798661 -7.82519, -77.799175 -7.824727, -77.799381 -7.823895, -77.799093 -7.823134",,
131,"Reforestation of Pastures in Campo Verde with Native Species, Pucallapa, Peru",VCS658,Verra,AR-AM0003,ARR,Peru,Bosques Amazonicos SAC,12/23/2007,12/22/2037,10/25/2023,Georeferenced,Yes,Polygon,"MULTIPOLYGON (((-74.801202 -8.584768, -74.801211 -8.584173, -74.797004 -8.584237, -74.796805 -8.584967, -74.796676 -8.584948, -74.796437 -8.584881, -74.796435 -8.584881, -74.796433 -8.58488, -74.796186 -8.584847, -74.796181 -8.584846, -74.79598 -8.584846","MULTIPOLYGON (((-74.781058 -8.598544, -74.78107 -8.598544, -74.781082 -8.598544, -74.781095 -8.598545, -74.781103 -8.598545, -74.781111 -8.598545, -74.781124 -8.598546, -74.781136 -8.598546, -74.781144 -8.598546, -74.781153 -8.598547, -74.781165 -8.59854",
132,"Reforestation of Pastures in Sociedad Agricola de Interes Social ""Jose Carlos Mariategui - Joven Forestal Project, Peru""",VCS687,Verra,AR-ACM0001,ARR,Peru,ADEFOR (Civil Association for Forestry Research and Development),03/17/2008,03/16/2038,10/23/2023,Official,N/A,Polygon,"MULTIPOLYGON Z (((-78.367612 -7.486307 0, -78.367576 -7.486162 0, -78.367459 -7.486179 0, -78.367404 -7.486179 0, -78.367386 -7.486233 0, -78.367422 -7.486297 0, -78.367467 -7.486315 0, -78.367612 -7.486307 0)), ((-78.367993 -7.486083 0, -78.367912 -7.48",,
134,Tahuamanu Amazon REDD Project,VCS2502,Verra,VM0006,AD,Peru,Maderera Rio Acre SAC,04/19/2017,04/18/2047,10/30/2023,Official,N/A,Polygon,"MULTIPOLYGON Z (((-70.007764 -11.293097 0, -70.00775 -11.293908 0, -70.008023 -11.293912 0, -70.008019 -11.294183 0, -70.008293 -11.294187 0, -70.008283 -11.294728 0, -70.008557 -11.294732 0, -70.008534 -11.296084 0, -70.008807 -11.296088 0, -70.008765 -",,"MULTIPOLYGON Z (((-69.675747 -11.401952 0, -69.675484 -11.401943 0, -69.657617 -11.401984 0, -69.651 -11.401999 0, -69.651 -11.402003 0, -69.65102 -11.411042 0, -69.657619 -11.411004 0, -69.675769 -11.410995 0, -69.675747 -11.401952 0)), ((-70.030724 -11"
135,The Jaguar Amazon REDD+ Project,VCS2278,Verra,VM0006,AD,Peru,Greenoxx Sociedad Civil,01/01/2018,12/31/2041,07/28/2023,Official,N/A,Polygon,"MULTIPOLYGON (((-69.669423 -11.381476, -69.66986 -11.380961, -69.670544 -11.378808, -69.671109 -11.378109, -69.673438 -11.377192, -69.675584 -11.376836, -69.676864 -11.374975, -69.680128 -11.372895, -69.68174 -11.370992, -69.682555 -11.370611, -69.683468",,
136,Yacumama Forest Carbon Project,VCS1133,Verra,VM0007,AD,Peru,Yacumama,01/01/2012,12/31/2041,08/14/2023,Georeferenced,Yes,Polygon,"MULTIPOLYGON (((-73.385292 -4.570853, -73.365206 -4.611468, -73.375692 -4.616489, -73.376431 -4.616711, -73.377095 -4.616784, -73.377317 -4.617671, -73.377095 -4.618926, -73.376357 -4.619221, -73.375101 -4.619, -73.37488 -4.619517, -73.375692 -4.619812,","MULTIPOLYGON (((-73.442227 -4.570853, -73.434293 -4.570853, -73.434206 -4.571288, -73.433742 -4.571491, -73.433393 -4.571491, -73.433451 -4.570881, -73.434271 -4.570853, -73.385292 -4.570853, -73.365206 -4.611468, -73.375692 -4.616489, -73.376431 -4.6167",
137,Bosques del Uruguay 2 (BDU 2) Afforestation through High Quality Timber in Grasslands Project,VCS2411,Verra,AR-ACM0003,ARR,Uruguay,Agroempresa Forestal S.A. (AF),03/25/2016,03/24/2076,10/20/2023,Official,No,Polygon,"MULTIPOLYGON (((-54.900805 -33.516074, -54.900845 -33.516233, -54.900878 -33.516369, -54.900914 -33.516358, -54.900935 -33.516352, -54.900941 -33.516367, -54.900958 -33.516419, -54.900967 -33.516463, -54.900976 -33.516503, -54.901009 -33.516496, -54.9010",,
138,Bosques del Uruguay Afforestation through High Quality Timber in Grasslands Project,VCS1543,Verra,AR-ACM0003,ARR,Uruguay,Agroempresa Forestal S.A. (AF),05/30/2012,05/29/2072,10/26/2023,Official,N/A,Polygon,"MULTIPOLYGON (((-55.500233 -33.761122, -55.500109 -33.761174, -55.500206 -33.761383, -55.500244 -33.761465, -55.501838 -33.764429, -55.503629 -33.767761, -55.503638 -33.767778, -55.503935 -33.768332, -55.503971 -33.768398, -55.504135 -33.768704, -55.5042",,
139,El Arriero afforestation on degraded grasslands under extensive grazing,VCS961,Verra,AR-ACM0001,ARR,Uruguay,Forestal El Arriero SRL,04/30/2009,04/29/2109,08/09/2023,Georeferenced,Yes,Polygon,"MULTIPOLYGON (((-54.650281 -33.387295, -54.650179 -33.387164, -54.649581 -33.387039, -54.64774 -33.386584, -54.645065 -33.385834, -54.641195 -33.384774, -54.640077 -33.384459, -54.639511 -33.385753, -54.639299 -33.386293, -54.639031 -33.386871, -54.63881",,
140,Forteko afforestation on degraded grasslands under extensive grazing,VCS962,Verra,AR-ACM0001,ARR,Uruguay,Forestal Tekoayhu,07/31/2007,07/30/2107,08/09/2023,Official,N/A,Polygon,"MULTIPOLYGON (((-55.288601 -32.829159, -55.288708 -32.829192, -55.288831 -32.829252, -55.288832 -32.829356, -55.288806 -32.82946, -55.288878 -32.829537, -55.289155 -32.829536, -55.28921 -32.829447, -55.289341 -32.829399, -55.289481 -32.829379, -55.289586",,
141,Guanaré Forest Plantation,VCS959,Verra,AR-ACM0001,ARR,Uruguay,Guanaré SA,04/24/2006,04/24/2066,07/13/2023,Official,N/A,Polygon,"MULTIPOLYGON Z (((-54.57629 -33.1251 0, -54.577245 -33.134832 0, -54.580045 -33.13689 0, -54.580791 -33.138697 0, -54.594436 -33.138108 0, -54.599212 -33.115041 0, -54.593711 -33.114916 0, -54.586499 -33.114752 0, -54.586808 -33.111116 0, -54.586992 -33.",,
142,HG Afforestation Through High Quality Timber Over Degraded Grasslands,VCS2992,Verra,AR-ACM0003,ARR,Uruguay,Pike Carbosur S.A.,10/08/2020,10/08/2120,05/02/2024,Official,N/A,Polygon,"MULTIPOLYGON Z (((-54.534713 -33.107342 0, -54.53432 -33.110941 0, -54.534209 -33.111364 0, -54.533793 -33.112787 0, -54.53355 -33.113595 0, -54.534756 -33.113516 0, -54.534686 -33.112939 0, -54.535281 -33.112884 0, -54.539506 -33.112447 0, -54.540172 -3",,
143,ITAA afforestation on degraded grasslands under extensive grazing,VCS965,Verra,AR-ACM0001,ARR,Uruguay,Intercontinental Timber Asociación Agraria de Responsabilidad Limitada,12/19/2007,12/18/2107,08/09/2023,Official,N/A,Polygon,"MULTIPOLYGON Z (((-55.235541 -34.738082 0, -55.235528 -34.738057 0, -55.235433 -34.738027 0, -55.235338 -34.738 0, -55.23519 -34.737991 0, -55.235143 -34.737969 0, -55.235037 -34.737834 0, -55.234972 -34.737812 0, -55.23492 -34.737836 0, -55.234889 -34.7",,
144,Iberpapel silvipastural system on degraded land,VCS920,Verra,AR-ACM0001,ARR,Uruguay,Los Eucaliptus S.A.,09/10/2004,09/09/2064,08/11/2023,Georeferenced,Yes,Polygon,"MULTIPOLYGON (((-55.563326 -34.695514, -55.56782 -34.695008, -55.565098 -34.68678, -55.562061 -34.688109, -55.559212 -34.687982, -55.549529 -34.690261, -55.551554 -34.692603, -55.555288 -34.695767, -55.556364 -34.696463, -55.556491 -34.69735, -55.556428",,
145,Lumin/Eucapine Uruguay Forest Plantations on degraded grasslands under extensive grazing,VCS960,Verra,AR-ACM0001,ARR,Uruguay,Weyerhaeuser Uruguay,02/22/2006,02/21/2106,08/09/2023,Official,N/A,Polygon,"MULTIPOLYGON Z (((-54.675565 -33.260136 0, -54.673772 -33.222189 0, -54.655762 -33.225123 0, -54.658321 -33.236548 0, -54.659698 -33.241898 0, -54.659284 -33.246844 0, -54.656798 -33.254692 0, -54.648743 -33.253291 0, -54.646237 -33.258935 0, -54.64812 -",,
146,Montes del Este Afforestation Through High Quality Timber in Degraded Grasslands,VCS2576,Verra,AR-ACM0003,ARR,Uruguay,Fideicomiso Financiero Forestal Montes del Este,10/30/2016,10/29/2076,05/01/2024,Official,N/A,Polygon,"MULTIPOLYGON Z (((-54.845274 -32.786825 0, -54.845445 -32.786819 0, -54.845595 -32.786776 0, -54.845825 -32.786748 0, -54.845863 -32.786736 0, -54.846121 -32.786677 0, -54.846303 -32.786644 0, -54.846495 -32.78662 0, -54.846496 -32.78662 0, -54.846572 -3",,
